Workbook
Name Campaings: Data!$A$2:$A$1048576
Name facebook: Data!$D$2:$D$1048576
Name newspaper: Data!$E$2:$E$1048576
Name sales: Data!$B$2:$B$1048576
Name youtube: Data!$C$2:$C$1048576

Sheet UserInterface
B4: $180 K Spends
C6: m1 | D6: m2 | E6: m3 | F6: C
B7: Estimates
B9: Total Spends | C9: youtube | D9: facebook | E9: newspaper | F9: Sales?
B10: =SUM(C10:E10) -> 180 | C10: 80 | D10: 50 | E10: 50
B11: =SUM(C11:E11) -> 160 | C11: 20 | D11: 80 | E11: 60

Sheet Data
A1: Campaings | B1: sales | C1: youtube | D1: facebook | E1: newspaper | G1: X | H1: Correlation | J1: X | K1: Covariance
A2: C1 | B2: 26.52 | C2: 276.12 | D2: 45.36 | E2: 83.04 | G2: youtube | H2: =CORREL(sales,INDIRECT(Data!$G2)) -> 0.78222442 | J2: youtube | K2: =_xlfn.COVARIANCE.P(sales,INDIRECT(Data!$J2)) -> 502.03907
A3: C2 | B3: 12.48 | C3: 53.4 | D3: 47.16 | E3: 54.12 | G3: facebook | H3: =CORREL(sales,INDIRECT(Data!$G3)) -> 0.57622257 | J3: facebook | K3: =_xlfn.COVARIANCE.P(sales,INDIRECT(Data!$J3)) -> 63.954014 | AE3: https://www.youtube.com/watch?v=r9bIRMTZ6eM
A4: C3 | B4: 11.16 | C4: 20.64 | D4: 55.08 | E4: 83.16 | G4: newspaper | H4: =CORREL(sales,INDIRECT(Data!$G4)) -> 0.22829903 | J4: newspaper | K4: =_xlfn.COVARIANCE.P(sales,INDIRECT(Data!$J4)) -> 37.168826 | AD4: Video 2 | AE4: https://www.youtube.com/watch?v=_rEW5ce78es
A5: C4 | B5: 22.2 | C5: 181.8 | D5: 49.56 | E5: 70.2 | AE5: https://www.youtube.com/watch?v=xKA-fOCENaY
A6: C5 | B6: 15.48 | C6: 216.96 | D6: 12.96 | E6: 70.08
A7: C6 | B7: 8.64 | C7: 10.44 | D7: 58.68 | E7: 90
A8: C7 | B8: 14.16 | C8: 69 | D8: 39.36 | E8: 28.2
A9: C8 | B9: 15.84 | C9: 144.24 | D9: 23.52 | E9: 13.92
A10: C9 | B10: 5.76 | C10: 10.32 | D10: 2.52 | E10: 1.2
A11: C10 | B11: 12.72 | C11: 239.76 | D11: 3.12 | E11: 25.44
A12: C11 | B12: 10.32 | C12: 79.32 | D12: 6.96 | E12: 29.04
A13: C12 | B13: 20.88 | C13: 257.64 | D13: 28.8 | E13: 4.8
A14: C13 | B14: 11.04 | C14: 28.56 | D14: 42.12 | E14: 79.08
A15: C14 | B15: 11.64 | C15: 117 | D15: 9.12 | E15: 8.64
A16: C15 | B16: 22.8 | C16: 244.92 | D16: 39.48 | E16: 55.2
A17: C16 | B17: 26.88 | C17: 234.48 | D17: 57.24 | E17: 63.48
... A201: C200 | B201: 16.08 | C201: 278.52 | D201: 10.32 | E201: 10.44

Sheet Regression
B1: Intercept(b0) | C1: b1 | D1: b2 | E1: b3 | H1: sum of squares
B2: 0 | C2: 0 | D2: 0 | E2: 0 | H2: =SUM(H5:H204) -> 64430.28
A4: Campaings | B4: sales | C4: youtube | D4: facebook | E4: newspaper | F4: Predicted Sales | G4: Error | H4: Squared Error
A5: C1 | B5: 26.52 | C5: 276.12 | D5: 45.36 | E5: 83.04 | F5: =$B$2+SUMPRODUCT($C$2:$E$2,C5:E5) -> 0 | G5: =F5-B5 -> -26.52 | H5: =G5^2 -> 703.3104
A6: C2 | B6: 12.48 | C6: 53.4 | D6: 47.16 | E6: 54.12 | F6: =$B$2+SUMPRODUCT($C$2:$E$2,C6:E6) -> 0 | G6: =F6-B6 -> -12.48 | H6: =G6^2 -> 155.7504
A7: C3 | B7: 11.16 | C7: 20.64 | D7: 55.08 | E7: 83.16 | F7: =$B$2+SUMPRODUCT($C$2:$E$2,C7:E7) -> 0 | G7: =F7-B7 -> -11.16 | H7: =G7^2 -> 124.5456
A8: C4 | B8: 22.2 | C8: 181.8 | D8: 49.56 | E8: 70.2 | F8: =$B$2+SUMPRODUCT($C$2:$E$2,C8:E8) -> 0 | G8: =F8-B8 -> -22.2 | H8: =G8^2 -> 492.84
A9: C5 | B9: 15.48 | C9: 216.96 | D9: 12.96 | E9: 70.08 | F9: =$B$2+SUMPRODUCT($C$2:$E$2,C9:E9) -> 0 | G9: =F9-B9 -> -15.48 | H9: =G9^2 -> 239.6304
A10: C6 | B10: 8.64 | C10: 10.44 | D10: 58.68 | E10: 90 | F10: =$B$2+SUMPRODUCT($C$2:$E$2,C10:E10) -> 0 | G10: =F10-B10 -> -8.64 | H10: =G10^2 -> 74.6496
A11: C7 | B11: 14.16 | C11: 69 | D11: 39.36 | E11: 28.2 | F11: =$B$2+SUMPRODUCT($C$2:$E$2,C11:E11) -> 0 | G11: =F11-B11 -> -14.16 | H11: =G11^2 -> 200.5056
A12: C8 | B12: 15.84 | C12: 144.24 | D12: 23.52 | E12: 13.92 | F12: =$B$2+SUMPRODUCT($C$2:$E$2,C12:E12) -> 0 | G12: =F12-B12 -> -15.84 | H12: =G12^2 -> 250.9056
A13: C9 | B13: 5.76 | C13: 10.32 | D13: 2.52 | E13: 1.2 | F13: =$B$2+SUMPRODUCT($C$2:$E$2,C13:E13) -> 0 | G13: =F13-B13 -> -5.76 | H13: =G13^2 -> 33.1776
A14: C10 | B14: 12.72 | C14: 239.76 | D14: 3.12 | E14: 25.44 | F14: =$B$2+SUMPRODUCT($C$2:$E$2,C14:E14) -> 0 | G14: =F14-B14 -> -12.72 | H14: =G14^2 -> 161.7984
A15: C11 | B15: 10.32 | C15: 79.32 | D15: 6.96 | E15: 29.04 | F15: =$B$2+SUMPRODUCT($C$2:$E$2,C15:E15) -> 0 | G15: =F15-B15 -> -10.32 | H15: =G15^2 -> 106.5024
A16: C12 | B16: 20.88 | C16: 257.64 | D16: 28.8 | E16: 4.8 | F16: =$B$2+SUMPRODUCT($C$2:$E$2,C16:E16) -> 0 | G16: =F16-B16 -> -20.88 | H16: =G16^2 -> 435.9744
... A204: C200 | B204: 16.08 | C204: 278.52 | D204: 10.32 | E204: 10.44 | F204: =$B$2+SUMPRODUCT($C$2:$E$2,C204:E204) -> 0 | G204: =F204-B204 -> -16.08 | H204: =G204^2 -> 258.5664

Sheet Regression_LSq
A1: Auto | B1: Intercept(b0) | C1: b1 | D1: b2 | E1: b3 | G1: sum of squares | H1: =SUM(H6:H205) -> 21645.445
A2: =LeastSquares!I1 -> C6 | B2: =VLOOKUP($A2,LeastSquares!$A$1:$E$48,COLUMN(LeastSquares!B$1),FALSE) -> 2.700529 | C2: =VLOOKUP($A2,LeastSquares!$A$1:$E$48,COLUMN(LeastSquares!C$1),FALSE) -> 0.011879357 | D2: =VLOOKUP($A2,LeastSquares!$A$1:$E$48,COLUMN(LeastSquares!D$1),FALSE) -> 0.084776134 | E2: =VLOOKUP($A2,LeastSquares!$A$1:$E$48,COLUMN(LeastSquares!E$1),FALSE) -> 0.0072650556
A4: id | B4: y | C4: X1 | D4: X2 | E4: X3
A5: Campaings | B5: sales | C5: youtube | D5: facebook | E5: newspaper | F5: Predicted Sales | G5: Error | H5: Squared Error
A6: C1 | B6: 26.52 | C6: 276.12 | D6: 45.36 | E6: 83.04 | F6: =$B$2+SUMPRODUCT($C$2:$E$2,C6:E6) -> 10.429393 | G6: =F6-B6 -> -16.090607 | H6: =G6^2 -> 258.90764
A7: C2 | B7: 12.48 | C7: 53.4 | D7: 47.16 | E7: 54.12 | F7: =$B$2+SUMPRODUCT($C$2:$E$2,C7:E7) -> 7.7261139 | G7: =F7-B7 -> -4.7538861 | H7: =G7^2 -> 22.599433
A8: C3 | B8: 11.16 | C8: 20.64 | D8: 55.08 | E8: 83.16 | F8: =$B$2+SUMPRODUCT($C$2:$E$2,C8:E8) -> 8.2193504 | G8: =F8-B8 -> -2.9406496 | H8: =G8^2 -> 8.64742
A9: C4 | B9: 22.2 | C9: 181.8 | D9: 49.56 | E9: 70.2 | F9: =$B$2+SUMPRODUCT($C$2:$E$2,C9:E9) -> 9.5717082 | G9: =F9-B9 -> -12.628292 | H9: =G9^2 -> 159.47375
A10: C5 | B10: 15.48 | C10: 216.96 | D10: 12.96 | E10: 70.08 | F10: =$B$2+SUMPRODUCT($C$2:$E$2,C10:E10) -> 6.8857081 | G10: =F10-B10 -> -8.5942919 | H10: =G10^2 -> 73.861854
A11: C6 | B11: 8.64 | C11: 10.44 | D11: 58.68 | E11: 90 | F11: =$B$2+SUMPRODUCT($C$2:$E$2,C11:E11) -> 8.453068 | G11: =F11-B11 -> -0.18693197 | H11: =G11^2 -> 0.034943563
A12: C7 | B12: 14.16 | C12: 69 | D12: 39.36 | E12: 28.2 | F12: =$B$2+SUMPRODUCT($C$2:$E$2,C12:E12) -> 7.0618678 | G12: =F12-B12 -> -7.0981322 | H12: =G12^2 -> 50.38348
A13: C8 | B13: 15.84 | C13: 144.24 | D13: 23.52 | E13: 13.92 | F13: =$B$2+SUMPRODUCT($C$2:$E$2,C13:E13) -> 6.5090717 | G13: =F13-B13 -> -9.3309283 | H13: =G13^2 -> 87.066223
A14: C9 | B14: 5.76 | C14: 10.32 | D14: 2.52 | E14: 1.2 | F14: =$B$2+SUMPRODUCT($C$2:$E$2,C14:E14) -> 3.0454779 | G14: =F14-B14 -> -2.7145221 | H14: =G14^2 -> 7.3686305
A15: C10 | B15: 12.72 | C15: 239.76 | D15: 3.12 | E15: 25.44 | F15: =$B$2+SUMPRODUCT($C$2:$E$2,C15:E15) -> 5.9980482 | G15: =F15-B15 -> -6.7219518 | H15: =G15^2 -> 45.184636
A16: C11 | B16: 10.32 | C16: 79.32 | D16: 6.96 | E16: 29.04 | F16: =$B$2+SUMPRODUCT($C$2:$E$2,C16:E16) -> 4.4438187 | G16: =F16-B16 -> -5.8761813 | H16: =G16^2 -> 34.529507
A17: C12 | B17: 20.88 | C17: 257.64 | D17: 28.8 | E17: 4.8 | F17: =$B$2+SUMPRODUCT($C$2:$E$2,C17:E17) -> 8.2375515 | G17: =F17-B17 -> -12.642449 | H17: =G17^2 -> 159.83151
... A205: C200 | B205: 16.08 | C205: 278.52 | D205: 10.32 | E205: 10.44 | F205: =$B$2+SUMPRODUCT($C$2:$E$2,C205:E205) -> 6.9599044 | G205: =F205-B205 -> -9.1200956 | H205: =G205^2 -> 83.176144

Sheet LeastSquares
A1: Combination | B1: Intercept | C1: b1 | D1: b2 | E1: b3 | F1: SUM OF SQUARES | H1: Select Combination | I1: {=INDEX(A2:A29,L1)} -> C6 | L1: 6
A2: C1 | B2: 0 | C2: 0 | D2: 0 | E2: 0 | F2: 64430.28 | H2: SUM LOG LIKELIHOOD | I2: =Regression_LSq!H1 -> 21645.445
A3: C2 | B3: 2.2874307 | C3: -0.0050631509 | D3: 0.032898861 | E3: 0.011416516 | F3: 47699.984
A4: C3 | B4: 2.3907053 | C4: -0.00082752395 | D4: 0.045868179 | E4: 0.010378651 | F4: 40209.303
A5: C4 | B5: 2.4939799 | C5: 0.003408103 | D5: 0.058837498 | E5: 0.0093407858 | F5: 33369.987
A6: C5 | B6: 2.5972544 | C6: 0.00764373 | D6: 0.071806816 | E6: 0.0083029207 | F6: 27182.034
A7: C6 | B7: 2.700529 | C7: 0.011879357 | D7: 0.084776134 | E7: 0.0072650556 | F7: 21645.445
A8: C7 | B8: 2.8038035 | C8: 0.016114984 | D8: 0.097745453 | E8: 0.0062271905 | F8: 16760.22
A9: C8 | B9: 2.9070781 | C9: 0.020350611 | D9: 0.11071477 | E9: 0.0051893254 | F9: 12526.358
A10: C9 | B10: 3.0103526 | C10: 0.024586238 | D10: 0.12368409 | E10: 0.0041514604 | F10: 8943.8607
A11: C10 | B11: 3.1136272 | C11: 0.028821865 | D11: 0.13665341 | E11: 0.0031135953 | F11: 6012.7267
A12: C11 | B12: 3.2169018 | C12: 0.033057492 | D12: 0.14962273 | E12: 0.0020757302 | F12: 3732.9565
A13: C12 | B13: 3.3201763 | C13: 0.037293119 | D13: 0.16259204 | E13: 0.0010378651 | F13: 2104.5501
A14: C13 | B14: 3.4234509 | C14: 0.041528746 | D14: 0.17556136 | E14: 0 | F14: 1127.5073
... A29: C28 | B29: 4.9725693 | C29: 0.10506315 | D29: 0.37010114 | E29: -0.015037865 | F29: 64769.617

Sheet Accuracy
A1: =Regression_LSq!A5 -> Campaings | B1: =Regression_LSq!B5 -> sales | C1: =Regression_LSq!F5 -> Predicted Sales | D1: Error | E1: Squared Error | F1: ABS Error | G1: ABS Percentage Error | J1: SSE
A2: =Regression_LSq!A6 -> C1 | B2: =Regression_LSq!B6 -> 26.52 | C2: =Regression_LSq!F6 -> 10.429393 | J2: MSE
A3: =Regression_LSq!A7 -> C2 | B3: =Regression_LSq!B7 -> 12.48 | C3: =Regression_LSq!F7 -> 7.7261139 | J3: RMSE
A4: =Regression_LSq!A8 -> C3 | B4: =Regression_LSq!B8 -> 11.16 | C4: =Regression_LSq!F8 -> 8.2193504 | J4: MAPE
A5: =Regression_LSq!A9 -> C4 | B5: =Regression_LSq!B9 -> 22.2 | C5: =Regression_LSq!F9 -> 9.5717082
A6: =Regression_LSq!A10 -> C5 | B6: =Regression_LSq!B10 -> 15.48 | C6: =Regression_LSq!F10 -> 6.8857081
A7: =Regression_LSq!A11 -> C6 | B7: =Regression_LSq!B11 -> 8.64 | C7: =Regression_LSq!F11 -> 8.453068
A8: =Regression_LSq!A12 -> C7 | B8: =Regression_LSq!B12 -> 14.16 | C8: =Regression_LSq!F12 -> 7.0618678
A9: =Regression_LSq!A13 -> C8 | B9: =Regression_LSq!B13 -> 15.84 | C9: =Regression_LSq!F13 -> 6.5090717
A10: =Regression_LSq!A14 -> C9 | B10: =Regression_LSq!B14 -> 5.76 | C10: =Regression_LSq!F14 -> 3.0454779
A11: =Regression_LSq!A15 -> C10 | B11: =Regression_LSq!B15 -> 12.72 | C11: =Regression_LSq!F15 -> 5.9980482
A12: =Regression_LSq!A16 -> C11 | B12: =Regression_LSq!B16 -> 10.32 | C12: =Regression_LSq!F16 -> 4.4438187
A13: =Regression_LSq!A17 -> C12 | B13: =Regression_LSq!B17 -> 20.88 | C13: =Regression_LSq!F17 -> 8.2375515
A14: =Regression_LSq!A18 -> C13 | B14: =Regression_LSq!B18 -> 11.04 | C14: =Regression_LSq!F18 -> 7.1850948
A15: =Regression_LSq!A19 -> C14 | B15: =Regression_LSq!B19 -> 11.64 | C15: =Regression_LSq!F19 -> 4.9263422
A16: =Regression_LSq!A20 -> C15 | B16: =Regression_LSq!B20 -> 22.8 | C16: =Regression_LSq!F20 -> 9.3580139
... A201: =Regression_LSq!A205 -> C200 | B201: =Regression_LSq!B205 -> 16.08 | C201: =Regression_LSq!F205 -> 6.9599044
